key,id
UI_CONTINUE,Lanjutkan
UI_BACK,Kembali
UI_CLOSE,Tutup
UI_START,Mulai
UI_SETTINGS,Pengaturan
UI_HELP,Bantuan
UI_QUIT,Keluar
UI_CONFIRM,Konfirmasi
UI_INTERACT,Periksa
UI_PROMPT_BALCONY,Ada udara dingin dari arah balkon.
CW_TITLE,Peringatan Konten
CW_DESC,"Game ini membahas depresi, rasa bersalah, kecemasan sosial, dan pikiran untuk mengakhiri hidup. Ada adegan yang menyiratkan percobaan bunuh diri (tidak ditampilkan secara grafis).\n\nKalau kamu sedang berada di masa sulit, kamu boleh berhenti kapan saja. Kamu tidak harus memainkan ini sekarang."
CW_BTN_PROCEED,"Aku mengerti, lanjutkan"
CW_BTN_HELP,"Lihat bantuan"
CW_BTN_QUIT,Keluar
HELP_TITLE,Sumber Bantuan
HELP_SUBTITLE,"Kalau kamu sedang memikirkan untuk menyakiti diri sendiri, kamu tidak sendirian dan kamu layak dibantu."
HELP_ITEM_1,"• Kalau dalam bahaya langsung: hubungi layanan darurat setempat (112) atau pergi ke IGD terdekat."
HELP_ITEM_2,"• Layanan kesehatan jiwa Kemenkes: telepon 119, lalu tekan 8."
HELP_ITEM_3,"• Into The Light Indonesia: intothelightid.org"
HELP_ITEM_4,"• Bicara dengan orang yang kamu percaya hari ini, walau hanya satu kalimat."
SETTINGS_TITLE,Pengaturan
SETTINGS_TAB_AUDIO,Audio
SETTINGS_TAB_GAMEPLAY,Permainan
SETTINGS_TAB_A11Y,Aksesibilitas
SETTINGS_BGM_VOL,Volume Musik
SETTINGS_SFX_VOL,Volume Efek Suara
SETTINGS_AMBIENCE_VOL,Volume Ambience
SETTINGS_TEXT_SPEED,Kecepatan Teks
SETTINGS_SKIP_SENSITIVE,Lewati Adegan Sensitif
SETTINGS_NO_TIME_PRESSURE,Tanpa Tekanan Waktu
SETTINGS_HIGH_CONTRAST,Kontras Tinggi
SETTINGS_REDUCE_FLASH,Kurangi Kilatan Cahaya
SETTINGS_FONT_SIZE,Ukuran Huruf
SETTINGS_RESET,Kembalikan ke Awal
SETTINGS_SAVE,Simpan
S01_N01,...
S01_N02,Aku bangun. Lagi.
S01_N03,Atau mungkin tidak pernah benar-benar tidur.
INTRO_CAP_1,Malam keberapa pun, aku berhenti menghitung.
INTRO_CAP_2,Ada suara air di kaca. Atau mungkin cuma di kepalaku.
INTRO_CAP_3,Aku membuka mata. Dunia masih kabur di tepinya.
INTRO_CAP_4,Kamar. Langit-langit. Jam yang berhenti di angka satu.
INTRO_SKIP,[spasi] lewati
S01_A01,Gerimis di kaca. Jam di dinding berhenti di angka satu.
S01_A02,Aku harus tahu sudah jam berapa.
CLOCK_HINT,Periksa jam di dinding.
CLOCK_START,Hanya satu angka yang berani bergerak. Sisanya diam.
CLOCK_TICK,Jarum menit mulai berjalan. Seperti ada yang memberinya izin.
S02_O1_N01,Layarnya menyala sendiri. Empat belas pesan belum dibuka.
S02_O1_N02,"Yang paling atas: Kirana. Terkirim tiga hari lalu."
S02_O1_PREVIEW,"Kirana: Kamu masih di sana? Aku cuma mau bilang..."
S02_O1_A01,...
S02_O1_A02,Aku belum siap tahu lanjutannya.
S02_O1_OPT_A,Buka pesannya
S02_O1_OPT_B,Letakkan lagi
S02_O1_RES_A,Jari Arutala berhenti di atas layar. Layar mati sendiri.
S02_O1_RES_B,Nanti. Selalu nanti.
S02_O2_N01,"Sebuah bingkai kecil di meja, tertelungkup."
S02_O2_N02,Debunya tipis. Tidak ada yang menyentuhnya akhir-akhir ini.
S02_O2_OPT_A,Balikkan
S02_O2_OPT_B,Biarkan
S02_O2_RES_A,Aku nggak bisa lihat lama-lama.
S02_O2_RES_B,Lebih baik begitu.
S02_O3_N01,Teh yang dibuat entah kapan. Sudah tidak ada uapnya.
S02_O3_A01,Dulu ada yang bilang teh itu bisa bikin tenang.
S02_O3_A02,Dulu.
S02_O4_N01,Pantulannya samar di kaca cermin. Wajahnya tampak lelah dan jauh.
S02_O4_A01,"Kamu juga nggak tidur, ya."
S02_O4_N02,Pantulan itu tidak menjawab.
S02_O5_N01,Jarumnya berhenti di angka satu. Seperti menungguku.
S02_O5_A01,Kalau aku tidak melihatnya, apakah waktu tetap berjalan?
S02_O5_A02,Mungkin justru karena itu ia berhenti.
S02_O6_N01,Pintu itu ada di sana. Tidak dikunci.
S02_O6_N02,Tapi tangan Arutala tidak mau terangkat.
S02_O6_A01,Di luar terlalu ramai. Walaupun sebenarnya kosong.
S02_O6_OPT_A,Coba buka
S02_O6_OPT_B,Mundur
S02_O6_RES_A,Gagang pintu terasa dingin. Ia menariknya kembali.
S02_O6_RES_B,Nggak malam ini.
S02_O6_CONFIRM,"Lorong di luar dingin dan kosong. Keluar sekarang?"
S02_O6_CONFIRM_YES,Keluar
S02_O6_CONFIRM_NO,Belum dulu
S02_O6_LEAVE,Kunci berputar pelan. Aku melangkah ke lorong.
S03_R1_VOICE,Kamu tahu apa yang kamu lakukan ke dia.
S03_R1_OPT_A,Aku tahu.
S03_R1_OPT_B,Jangan mulai lagi.
S03_R1_OPT_C,...
S03_R1_RES,"Dan kamu masih di sini, seolah nggak apa-apa."
S03_R2_VOICE,Orang-orang bakal lebih baik tanpa kamu.
S03_R2_OPT_A,Mungkin.
S03_R2_OPT_B,Bukan itu masalahnya.
S03_R2_OPT_C,Aku capek.
S03_R2_RES,Pilihan tadi terasa seperti pintu yang terbuka ke ruangan yang sama.
S03_R3_VOICE,Nggak ada yang bakal peduli.
S03_R3_OPT_A,...
S03_R3_OPT_B,Kirana peduli dulu.
S03_R3_OPT_C,Aku nggak tahu.
S03_R3_RES_A,Arutala menatap ponsel yang gelap di meja.
S03_R3_RES_COMMON,Ada sesuatu yang belum selesai di sana. Tapi ia terlalu lelah untuk mengejarnya.
S03_R4_A01,Kalau aku berhenti sekarang...
S03_R4_A02,...nggak akan ada lagi yang harus kuhadapi.
S03_R4_N01,Pikiran itu berat. Dan ia sudah membawanya terlalu lama.
S04_N01,Gerimis menempel di kaca.
S04_N02,"Di atas, awan menutup hampir seluruh langit. Ada cahaya pucat di balik awan."
S04_A01,Bulan.
S04_A02,Dulu aku suka lihat itu.
S04_A03,Sekarang aku cuma ingin menghilang di bawahnya.
S05_BTN_JUMP,Lompat
S05_WAIT_15,Rasanya seperti pilihan lain sudah lama hilang.
S05_WAIT_40,Atau mungkin kamu cuma belum melihatnya.
S06_ALT_N01,Pikiran itu semakin berat. Layar meredup.
S06_ALT_N02,Satu hari lagi yang tidak berakhir.
S07_FLASH_1,Aku ingat dia pernah tertawa seperti itu.
S07_FLASH_2,"Aku mengetik, lalu menghapus."
S07_FLASH_3,Aku yang membuatnya pergi.
S07_FLASH_4,Ia hanya ingin aku berhenti sendirian.
S07_A01,Maaf.
S07_A02,Aku minta maaf.
S08_N01,Aku bangun.
S08_N02,Lagi.
S08_N03,Bukan dari Kirana. Nomor tak dikenal.
S08_MSG_1,kamu yang di sana.
S08_MSG_2,iya. kamu. bukan dia.
S08_MSG_3,dia belum selesai. dan aku rasa kamu juga belum.
S08_INPUT_PROMPT,ketik apa saja...
S08_MSG_REPLY,"nanti kamu tahu. sekarang, kita mulai dari yang kecil."
S08_LOOP_LABEL,LOOP 2/7
CORRIDOR_FLOOR,Lantai
CORRIDOR_F3_INTRO,Pintu kamar tertutup di belakangku. Lorong ini terlalu terang untuk jam segini.
CORRIDOR_F3_INTRO2,Lampu-lampu menyala sepanjang lorong, seolah ada yang sengaja menungguiku terjaga.
CORRIDOR_F3_INTRO3,Hanya lampu dan pintu-pintu yang tidak akan kubuka. Aku berjalan pelan, mendengar langkahku sendiri.
CORRIDOR_F4_ARRIVE,Lantai empat. Angka di panel lift berganti tanpa suara.
CORRIDOR_F4_ARRIVE2,Aku tidak ingat kenapa aku naik. Rasanya bukan aku yang menekan tombolnya.
CORRIDOR_F4_ARRIVE3,Tapi di sini lebih sunyi. Dan di sini, pikiranku sedikit lebih keras.
ROOFTOP_ARRIVE,Lantai lima. Lift membawaku ke atap, bukan ke lorong.
ROOFTOP_ARRIVE2,Di sini tidak ada pintu lagi — hanya pager besi, langit, dan hujan yang belum berhenti.
ROOFTOP_ARRIVE3,Aku melangkah ke tengah atap. Anginnya dingin, dan untuk sesaat, pikiranku ikut diam.
CORRIDOR_ROOM_DOOR,Kamarku. Aku bisa kembali kalau mau.
CORRIDOR_ROOM_OTHER,Bukan kamarku. Pintunya sama, tapi bukan milikku.
CORRIDOR_STAIRS,Tangga darurat. Menuju bawah, ke lobi.
CORRIDOR_STAIRS_RES,Turun, lalu naik lagi. Tidak ada yang menunggu di bawah.
CORRIDOR_NEIGHBOR,Salah satu pintu tetangga. Ada suara TV pelan di dalam.
CORRIDOR_NEIGHBOR_KNOCK,Aku mengetuk. Sekali. Dua kali.
CORRIDOR_NEIGHBOR_KNOCK2,Tidak ada jawaban. Mungkin memang tidak seharusnya ada.
CORRIDOR_LIFT,Lift. Tombolnya masih menyala.
CORRIDOR_LIFT_UP,Naik satu lantai
CORRIDOR_LIFT_DOWN,Turun satu lantai
CORRIDOR_LIFT_STAY,Diam di sini
CORRIDOR_LIFT_STAY_RES,Nggak ada tempat lain yang lebih baik.
CORRIDOR_LIFT_MOVE,Pintu besi menutup. Lantai di bawah kakiku bergeser.
CORRIDOR_ARRIVE_LINE,Selamat datang di lantai %d. Pintu lift terbuka lagi.
CORRIDOR_F5_HINT,Di atas lantai ini hanya ada atap. Lift akan membawaku ke sana.
LIFT_ENTER,Pintu lift menutup di belakangku. Ruang kecil ini terasa lebih sunyi dari lorong.
LIFT_HINT,Ada peta lantai di dinding kanan. Tekan [E] untuk memilih tujuan.
LIFT_PANEL_PROMPT,Peta Lantai
LIFT_PANEL,Peta lantai apartemen. Tiga tombol: 3, 4, dan 5.
LIFT_FLOOR_3,Lantai 3
LIFT_FLOOR_4,Lantai 4
LIFT_FLOOR_5,Lantai 5 — Atap
LIFT_SAME_FLOOR,Aku sudah ada di lantai ini. Tidak ada gunanya berpindah ke tempat yang sama.
S01_INTRO_MONOLOGUE,"Ah, sudah malam keberapa ini? Rasanya semakin hari rasa kesepian ini semakin menusuk diriku, aku tenggelam dalam segala kesunyian, suara jarum jam, rintikan gerimis yang sangat tenang, aku sendiri menyukai kesunyian ini, namun rasanya kosong dan menakutkan... apakah aku akan terbangun lagi di malam ini? Sudah 4 tahun sejak semua hal itu terjadi aku bingung dengan apa yang akan aku lakukan, rasanya setiap kali aku bergerak... aku merasa lelah, haruskah aku mengakhiri malam ini saja?"
ROOFTOP_WALK_1,"Apakah ini pilihan yang tepat? Apakah semua ini adalah jawaban dari segalanya? Apa aku akan bebas dengan semua hal yang sudah kurenggut, sekaligus rasa bersalah yang kian hari semakin terasa di diriku?"
ROOFTOP_WALK_2,"..."
ROOFTOP_WALK_3,"...mungkin iya."
S02_O7_N01,"Kulkas itu berdehem pelan. Isinya cuma satu botol air yang belum juga habis."
S02_O7_A01,"Dulu ada yang selalu bilang supaya aku makan teratur. Sekarang aku lupa kapan terakhir masak."
S02_O8_N01,"Keran menetes satu-satu. Cermin di atasnya berkabut, tidak ada yang dilihat."
S02_O8_A01,"Mencuci muka pun terasa seperti tugas yang terlalu berat untuk malam ini."
